{"stats":{"minecraft:used":{"minecraft:stone_pickaxe":157,"minecraft:wooden_pickaxe":60,"minecraft:torch":5,"minecraft:yellow_terracotta":1,"minecraft:crafting_table":3,"minecraft:carrot":36,"pixelmon:crystal_axe":2,"minecraft:bread":8,"pixelmon:red_pc":1,"minecraft:cobblestone":8},"minecraft:custom":{"minecraft:interact_with_crafting_table":3,"minecraft:open_barrel":45,"minecraft:leave_game":14,"minecraft:time_since_death":120790,"minecraft:climb_one_cm":3775,"minecraft:time_since_rest":120790,"minecraft:sprint_one_cm":400366,"minecraft:damage_taken":150,"minecraft:walk_one_cm":189497,"minecraft:drop":17,"minecraft:damage_dealt":10,"minecraft:swim_one_cm":9436,"minecraft:fly_one_cm":554281,"minecraft:open_chest":46,"minecraft:crouch_one_cm":1727,"minecraft:play_time":120790,"minecraft:sneak_time":658,"minecraft:walk_under_water_one_cm":797,"minecraft:boat_one_cm":92672,"minecraft:jump":2527,"minecraft:walk_on_water_one_cm":4333,"minecraft:total_world_time":120790,"minecraft:fall_one_cm":65372},"minecraft:dropped":{"minecraft:wheat_seeds":6,"minecraft:lever":3,"minecraft:mossy_cobblestone":2,"minecraft:spruce_fence":1,"minecraft:cod":3,"minecraft:item_frame":1,"minecraft:chiseled_stone_bricks":3,"minecraft:bamboo":8,"minecraft:string":7,"pixelmon:poke_ball":1},"minecraft:broken":{"minecraft:stone_pickaxe":1,"minecraft:wooden_pickaxe":1},"minecraft:picked_up":{"pixelmon:poke_ball_lid":1,"minecraft:crafting_table":2,"pixelmon:poke_ball":17,"minecraft:oak_log":6,"minecraft:string":7,"minecraft:moss_carpet":1,"minecraft:item_frame":1,"minecraft:wheat_seeds":6,"minecraft:bamboo":8,"minecraft:stick":1,"minecraft:raw_iron":10,"minecraft:chiseled_stone_bricks":3,"minecraft:torch":1,"minecraft:spruce_fence":1,"minecraft:porkchop":1,"minecraft:stone_button":1,"minecraft:carrot":91,"minecraft:mossy_cobblestone":2,"minecraft:arrow":4,"minecraft:dispenser":1,"minecraft:lever":3,"minecraft:yellow_terracotta":1,"pixelmon:red_pc":1,"minecraft:bread":1,"pixelmon:silver_base":1,"minecraft:coal":50,"minecraft:cobblestone":139},"minecraft:crafted":{"minecraft:oak_planks":24,"minecraft:crafting_table":1,"minecraft:wooden_pickaxe":1,"pixelmon:poke_ball":1,"minecraft:stick":4,"minecraft:stone_pickaxe":2,"minecraft:torch":40},"minecraft:mined":{"minecraft:yellow_terracotta":1,"minecraft:mossy_cobblestone":2,"minecraft:crafting_table":2,"minecraft:lever":1,"minecraft:spruce_fence":1,"minecraft:grass_block":1,"minecraft:cobblestone":1,"minecraft:tall_grass":3,"minecraft:wall_torch":1,"minecraft:chiseled_stone_bricks":3,"minecraft:carrots":28,"minecraft:iron_ore":10,"minecraft:wheat":1,"minecraft:andesite":3,"minecraft:moss_carpet":1,"minecraft:grass":10,"minecraft:oak_log":6,"minecraft:coal_ore":50,"minecraft:vine":1,"minecraft:bamboo":1,"pixelmon:silver_ore":1,"minecraft:dispenser":1,"minecraft:stone":139}},"DataVersion":3578}