{"stats":{"minecraft:picked_up":{"minecraft:crafting_table":3,"minecraft:clay_ball":8,"minecraft:string":7,"minecraft:moss_carpet":1,"minecraft:item_frame":1,"minecraft:cobblestone_slab":16,"minecraft:poppy":1,"pixelmon:bauxite_ore":4,"minecraft:egg":1,"minecraft:furnace":3,"minecraft:stick":2,"minecraft:raw_iron":56,"minecraft:torch":1,"minecraft:acacia_log":35,"minecraft:spruce_fence":1,"minecraft:porkchop":3,"minecraft:stone_button":1,"minecraft:carrot":91,"pixelmon:curry_dex":1,"minecraft:blue_carpet":2,"minecraft:orange_bed":1,"minecraft:arrow":4,"pixelmon:lure_casing_weak":1,"pixelmon:red_pc":2,"minecraft:yellow_terracotta":1,"pixelmon:silver_base":1,"minecraft:blaze_powder":1,"minecraft:cobblestone":764,"pixelmon:poke_ball_lid":1,"pixelmon:poke_ball":17,"pixelmon:aluminium_ingot":1,"minecraft:oak_log":6,"minecraft:cobblestone_wall":8,"minecraft:cobblestone_stairs":2,"minecraft:dirt":15,"minecraft:lantern":5,"minecraft:bone":2,"minecraft:large_amethyst_bud":4,"minecraft:wheat_seeds":7,"minecraft:bamboo":8,"minecraft:rabbit":2,"pixelmon:curry_potato":1,"minecraft:oak_planks":1,"minecraft:ghast_tear":1,"minecraft:chiseled_stone_bricks":3,"minecraft:dandelion":1,"minecraft:sand":64,"minecraft:dead_bush":5,"minecraft:mossy_cobblestone":2,"minecraft:dispenser":1,"minecraft:lever":3,"minecraft:bread":1,"minecraft:coal":179},"minecraft:custom":{"minecraft:interact_with_crafting_table":35,"minecraft:open_barrel":45,"minecraft:leave_game":29,"minecraft:time_since_death":312220,"minecraft:climb_one_cm":4547,"minecraft:sprint_one_cm":893809,"minecraft:walk_one_cm":540762,"minecraft:drop":42,"minecraft:play_time":312220,"minecraft:sneak_time":6308,"minecraft:walk_under_water_one_cm":8138,"minecraft:boat_one_cm":92672,"minecraft:jump":5128,"minecraft:walk_on_water_one_cm":9837,"minecraft:total_world_time":312220,"minecraft:interact_with_furnace":35,"minecraft:sleep_in_bed":1,"minecraft:time_since_rest":25435,"minecraft:damage_taken":210,"minecraft:damage_dealt":10,"minecraft:swim_one_cm":12979,"minecraft:fly_one_cm":1120716,"minecraft:open_chest":88,"minecraft:crouch_one_cm":26393,"minecraft:fall_one_cm":136934},"minecraft:crafted":{"minecraft:oak_planks":24,"minecraft:cobblestone_slab":186,"minecraft:stone_shovel":2,"minecraft:furnace":2,"minecraft:cobblestone_stairs":8,"minecraft:glass_pane":96,"minecraft:glass":64,"minecraft:iron_boots":1,"minecraft:stone_pickaxe":7,"minecraft:cobblestone_wall":54,"minecraft:chest":8,"minecraft:red_dye":1,"minecraft:glass_bottle":3,"minecraft:acacia_wood":3,"minecraft:crafting_table":3,"minecraft:baked_potato":64,"minecraft:wooden_pickaxe":1,"minecraft:iron_helmet":1,"pixelmon:poke_ball":1,"minecraft:bucket":1,"minecraft:orange_dye":2,"minecraft:air":0,"minecraft:charcoal":3,"minecraft:yellow_dye":1,"minecraft:stick":20,"minecraft:iron_ingot":50,"minecraft:iron_pickaxe":1,"minecraft:acacia_door":3,"minecraft:acacia_planks":124,"minecraft:orange_bed":1,"minecraft:torch":40},"minecraft:dropped":{"minecraft:orange_dye":1,"minecraft:wheat_seeds":7,"minecraft:mossy_cobblestone":2,"pixelmon:curry_potato":1,"minecraft:feather":1,"minecraft:glow_berries":4,"minecraft:cod":3,"minecraft:item_frame":1,"minecraft:dirt":9,"minecraft:rabbit":2,"minecraft:dead_bush":9,"minecraft:bone_meal":1,"minecraft:acacia_door":1,"minecraft:string":7,"minecraft:lever":3,"minecraft:cobblestone_wall":2,"minecraft:stone_shovel":1,"minecraft:rotten_flesh":1,"minecraft:clay_ball":8,"minecraft:oak_planks":2,"minecraft:blaze_powder":1,"minecraft:spruce_fence":1,"minecraft:acacia_leaves":1,"minecraft:chiseled_stone_bricks":3,"minecraft:cobblestone_slab":1,"minecraft:stone":1,"minecraft:bamboo":8,"minecraft:ghast_tear":2,"pixelmon:poke_ball":1},"minecraft:mined":{"minecraft:yellow_terracotta":1,"minecraft:blue_carpet":2,"minecraft:mossy_cobblestone":2,"minecraft:cobblestone_stairs":2,"minecraft:lever":1,"minecraft:acacia_log":35,"minecraft:grass_block":5,"minecraft:spruce_fence":1,"minecraft:chiseled_stone_bricks":3,"minecraft:furnace":3,"minecraft:carrots":28,"minecraft:iron_ore":56,"minecraft:andesite":3,"minecraft:moss_carpet":1,"minecraft:cobblestone_slab":17,"minecraft:vine":1,"minecraft:lantern":5,"pixelmon:bauxite_ore":4,"minecraft:bamboo":1,"pixelmon:silver_ore":1,"minecraft:stone":659,"minecraft:orange_bed":1,"minecraft:acacia_leaves":7,"minecraft:dandelion":1,"minecraft:clay":2,"minecraft:crafting_table":3,"pixelmon:red_healer":1,"minecraft:poppy":1,"minecraft:tall_grass":3,"minecraft:cobblestone":87,"minecraft:wall_torch":1,"minecraft:cobblestone_wall":7,"minecraft:wheat":1,"minecraft:grass":16,"minecraft:oak_log":6,"minecraft:coal_ore":104,"minecraft:sand":64,"minecraft:dirt":11,"minecraft:dispenser":1},"minecraft:broken":{"minecraft:wooden_pickaxe":1,"minecraft:stone_pickaxe":6},"minecraft:used":{"minecraft:stone_shovel":71,"minecraft:chest":8,"minecraft:iron_sword":1,"minecraft:orange_bed":2,"minecraft:torch":9,"minecraft:dirt":8,"minecraft:cobblestone_wall":55,"minecraft:carrot":124,"pixelmon:crystal_axe":42,"minecraft:lava_bucket":2,"minecraft:lantern":5,"pixelmon:red_pc":1,"minecraft:furnace":5,"minecraft:egg":2,"minecraft:water_bucket":1,"minecraft:cobblestone_stairs":8,"minecraft:stone_pickaxe":849,"minecraft:wooden_pickaxe":60,"minecraft:cobblestone_slab":201,"minecraft:yellow_terracotta":1,"minecraft:crafting_table":5,"minecraft:acacia_door":2,"minecraft:iron_pickaxe":61,"minecraft:bread":8,"minecraft:blue_carpet":2,"minecraft:cobblestone":561,"minecraft:bucket":3,"minecraft:glass_pane":96}},"DataVersion":3578}