{"stats":{"minecraft:used":{"minecraft:stone_pickaxe":76,"minecraft:bread":8,"minecraft:wooden_pickaxe":60,"minecraft:yellow_terracotta":1,"minecraft:crafting_table":2,"minecraft:carrot":33,"pixelmon:crystal_axe":2},"minecraft:custom":{"minecraft:time_since_rest":113417,"minecraft:sprint_one_cm":388868,"minecraft:damage_taken":150,"minecraft:walk_one_cm":178235,"minecraft:drop":17,"minecraft:damage_dealt":10,"minecraft:swim_one_cm":9436,"minecraft:interact_with_crafting_table":2,"minecraft:fly_one_cm":544878,"minecraft:open_barrel":45,"minecraft:open_chest":46,"minecraft:play_time":113417,"minecraft:crouch_one_cm":1583,"minecraft:sneak_time":553,"minecraft:walk_under_water_one_cm":797,"minecraft:boat_one_cm":92672,"minecraft:jump":2452,"minecraft:leave_game":13,"minecraft:time_since_death":113417,"minecraft:walk_on_water_one_cm":4237,"minecraft:total_world_time":113417,"minecraft:climb_one_cm":3775,"minecraft:fall_one_cm":63460},"minecraft:broken":{"minecraft:wooden_pickaxe":1},"minecraft:dropped":{"minecraft:chiseled_stone_bricks":3,"minecraft:wheat_seeds":6,"minecraft:lever":3,"minecraft:mossy_cobblestone":2,"minecraft:bamboo":8,"minecraft:string":7,"minecraft:spruce_fence":1,"pixelmon:poke_ball":1,"minecraft:cod":3,"minecraft:item_frame":1},"minecraft:picked_up":{"pixelmon:poke_ball_lid":1,"minecraft:crafting_table":2,"minecraft:stick":1,"minecraft:raw_iron":10,"minecraft:chiseled_stone_bricks":3,"minecraft:spruce_fence":1,"pixelmon:poke_ball":17,"minecraft:porkchop":1,"minecraft:oak_log":6,"minecraft:stone_button":1,"minecraft:carrot":91,"minecraft:moss_carpet":1,"minecraft:mossy_cobblestone":2,"minecraft:string":7,"minecraft:item_frame":1,"minecraft:dispenser":1,"minecraft:arrow":4,"minecraft:wheat_seeds":6,"minecraft:lever":3,"pixelmon:red_pc":1,"minecraft:yellow_terracotta":1,"minecraft:bread":1,"minecraft:bamboo":8,"pixelmon:silver_base":1,"minecraft:coal":50,"minecraft:cobblestone":63},"minecraft:crafted":{"minecraft:oak_planks":24,"minecraft:crafting_table":1,"minecraft:wooden_pickaxe":1,"minecraft:stone_pickaxe":1,"pixelmon:poke_ball":1},"minecraft:mined":{"minecraft:yellow_terracotta":1,"minecraft:carrots":28,"minecraft:mossy_cobblestone":2,"minecraft:iron_ore":10,"minecraft:wheat":1,"minecraft:moss_carpet":1,"minecraft:crafting_table":2,"minecraft:lever":1,"minecraft:grass":10,"minecraft:grass_block":1,"minecraft:coal_ore":50,"minecraft:spruce_fence":1,"minecraft:oak_log":6,"minecraft:vine":1,"minecraft:tall_grass":3,"minecraft:cobblestone":1,"minecraft:bamboo":1,"pixelmon:silver_ore":1,"minecraft:stone":62,"minecraft:dispenser":1,"minecraft:chiseled_stone_bricks":3}},"DataVersion":3578}