{"stats":{"minecraft:used":{"pixelmon:crystal_axe":2,"minecraft:stone_pickaxe":64,"minecraft:bread":8,"minecraft:wooden_pickaxe":60,"minecraft:crafting_table":2},"minecraft:custom":{"minecraft:time_since_rest":58441,"minecraft:sprint_one_cm":183600,"minecraft:damage_taken":40,"minecraft:walk_one_cm":101810,"minecraft:drop":4,"minecraft:damage_dealt":10,"minecraft:swim_one_cm":3292,"minecraft:interact_with_crafting_table":2,"minecraft:fly_one_cm":246273,"minecraft:open_barrel":17,"minecraft:open_chest":18,"minecraft:crouch_one_cm":1253,"minecraft:play_time":58441,"minecraft:sneak_time":480,"minecraft:walk_under_water_one_cm":552,"minecraft:boat_one_cm":65647,"minecraft:jump":1200,"minecraft:leave_game":8,"minecraft:walk_on_water_one_cm":2482,"minecraft:time_since_death":58441,"minecraft:climb_one_cm":2089,"minecraft:total_world_time":58441,"minecraft:fall_one_cm":24599},"minecraft:broken":{"minecraft:wooden_pickaxe":1},"minecraft:dropped":{"minecraft:wheat_seeds":1,"pixelmon:poke_ball":1,"minecraft:cod":3,"minecraft:item_frame":1},"minecraft:picked_up":{"pixelmon:poke_ball_lid":1,"minecraft:crafting_table":2,"minecraft:raw_iron":9,"minecraft:spruce_fence":1,"pixelmon:poke_ball":17,"minecraft:oak_log":6,"minecraft:stone_button":1,"minecraft:carrot":91,"minecraft:moss_carpet":1,"minecraft:item_frame":1,"minecraft:wheat_seeds":3,"minecraft:bread":1,"pixelmon:silver_base":1,"minecraft:coal":50,"minecraft:cobblestone":62},"minecraft:mined":{"minecraft:carrots":28,"minecraft:iron_ore":9,"minecraft:wheat":1,"minecraft:moss_carpet":1,"minecraft:crafting_table":2,"minecraft:grass":6,"minecraft:grass_block":1,"minecraft:spruce_fence":1,"minecraft:oak_log":6,"minecraft:coal_ore":50,"minecraft:tall_grass":3,"pixelmon:silver_ore":1,"minecraft:stone":62},"minecraft:crafted":{"minecraft:oak_planks":24,"minecraft:crafting_table":1,"minecraft:wooden_pickaxe":1,"minecraft:stone_pickaxe":1,"pixelmon:poke_ball":1}},"DataVersion":3578}