{"stats":{"minecraft:used":{"minecraft:bread":2},"minecraft:custom":{"minecraft:open_barrel":16,"minecraft:time_since_rest":19313,"minecraft:open_chest":18,"minecraft:crouch_one_cm":250,"minecraft:sprint_one_cm":53580,"minecraft:play_time":19313,"minecraft:damage_taken":10,"minecraft:walk_one_cm":36614,"minecraft:sneak_time":95,"minecraft:walk_under_water_one_cm":348,"minecraft:drop":3,"minecraft:jump":324,"minecraft:leave_game":5,"minecraft:walk_on_water_one_cm":774,"minecraft:time_since_death":19313,"minecraft:climb_one_cm":632,"minecraft:total_world_time":19313,"minecraft:swim_one_cm":804,"minecraft:fall_one_cm":4544,"minecraft:fly_one_cm":58719},"minecraft:dropped":{"minecraft:wheat_seeds":1,"minecraft:item_frame":1,"minecraft:cod":3},"minecraft:picked_up":{"minecraft:item_frame":1,"minecraft:wheat_seeds":1,"minecraft:bread":1,"minecraft:carrot":91},"minecraft:mined":{"minecraft:grass":4,"minecraft:carrots":28,"minecraft:wheat":1,"minecraft:tall_grass":2}},"DataVersion":3578}