{"stats":{"minecraft:crafted":{"minecraft:red_dye":1,"minecraft:oak_planks":24,"minecraft:cobblestone_slab":186,"minecraft:stone_shovel":2,"minecraft:crafting_table":3,"minecraft:baked_potato":64,"minecraft:wooden_pickaxe":1,"minecraft:iron_helmet":1,"pixelmon:poke_ball":1,"minecraft:furnace":2,"minecraft:cobblestone_stairs":8,"minecraft:bucket":1,"minecraft:orange_dye":2,"minecraft:glass_pane":96,"minecraft:air":0,"minecraft:glass":64,"minecraft:yellow_dye":1,"minecraft:iron_boots":1,"minecraft:stick":20,"minecraft:iron_ingot":16,"minecraft:iron_pickaxe":1,"minecraft:stone_pickaxe":7,"minecraft:cobblestone_wall":54,"minecraft:chest":4,"minecraft:acacia_door":3,"minecraft:acacia_planks":40,"minecraft:orange_bed":1,"minecraft:torch":40},"minecraft:picked_up":{"pixelmon:poke_ball_lid":1,"minecraft:crafting_table":3,"minecraft:clay_ball":8,"pixelmon:poke_ball":17,"pixelmon:aluminium_ingot":1,"minecraft:oak_log":6,"minecraft:cobblestone_wall":8,"minecraft:cobblestone_stairs":2,"minecraft:lantern":5,"minecraft:dirt":15,"minecraft:string":7,"minecraft:moss_carpet":1,"minecraft:item_frame":1,"minecraft:bone":2,"minecraft:wheat_seeds":7,"minecraft:cobblestone_slab":16,"minecraft:poppy":1,"minecraft:rabbit":2,"minecraft:bamboo":8,"minecraft:oak_planks":1,"minecraft:egg":1,"minecraft:ghast_tear":1,"minecraft:stick":1,"minecraft:raw_iron":55,"minecraft:chiseled_stone_bricks":3,"minecraft:dandelion":1,"minecraft:torch":1,"minecraft:acacia_log":10,"minecraft:sand":64,"minecraft:spruce_fence":1,"minecraft:porkchop":3,"minecraft:stone_button":1,"minecraft:dead_bush":5,"minecraft:carrot":91,"minecraft:blue_carpet":2,"minecraft:mossy_cobblestone":2,"minecraft:orange_bed":1,"minecraft:arrow":4,"minecraft:dispenser":1,"minecraft:lever":3,"pixelmon:red_pc":2,"minecraft:yellow_terracotta":1,"minecraft:bread":1,"pixelmon:silver_base":1,"minecraft:coal":104,"minecraft:blaze_powder":1,"minecraft:cobblestone":764},"minecraft:used":{"minecraft:water_bucket":1,"minecraft:cobblestone_stairs":8,"minecraft:stone_shovel":71,"minecraft:stone_pickaxe":841,"minecraft:chest":4,"minecraft:wooden_pickaxe":60,"minecraft:cobblestone_slab":201,"minecraft:orange_bed":2,"minecraft:torch":5,"minecraft:dirt":8,"minecraft:yellow_terracotta":1,"minecraft:crafting_table":5,"minecraft:cobblestone_wall":55,"minecraft:carrot":109,"pixelmon:crystal_axe":15,"minecraft:lava_bucket":2,"minecraft:acacia_door":2,"minecraft:lantern":5,"minecraft:bread":8,"minecraft:iron_pickaxe":61,"pixelmon:red_pc":1,"minecraft:blue_carpet":2,"minecraft:cobblestone":561,"minecraft:furnace":2,"minecraft:glass_pane":96,"minecraft:egg":1,"minecraft:bucket":3},"minecraft:custom":{"minecraft:interact_with_furnace":24,"minecraft:interact_with_crafting_table":32,"minecraft:open_barrel":45,"minecraft:leave_game":21,"minecraft:time_since_death":269067,"minecraft:climb_one_cm":4547,"minecraft:time_since_rest":269067,"minecraft:sprint_one_cm":782133,"minecraft:damage_taken":210,"minecraft:walk_one_cm":491832,"minecraft:drop":35,"minecraft:damage_dealt":10,"minecraft:swim_one_cm":12979,"minecraft:fly_one_cm":1002282,"minecraft:open_chest":74,"minecraft:crouch_one_cm":26164,"minecraft:play_time":269067,"minecraft:sneak_time":6243,"minecraft:walk_under_water_one_cm":8138,"minecraft:boat_one_cm":92672,"minecraft:jump":4651,"minecraft:walk_on_water_one_cm":9326,"minecraft:total_world_time":269067,"minecraft:fall_one_cm":123022},"minecraft:broken":{"minecraft:stone_pickaxe":6,"minecraft:wooden_pickaxe":1},"minecraft:mined":{"minecraft:yellow_terracotta":1,"minecraft:blue_carpet":2,"minecraft:acacia_leaves":5,"minecraft:mossy_cobblestone":2,"minecraft:cobblestone_stairs":2,"pixelmon:red_healer":1,"minecraft:dandelion":1,"minecraft:clay":2,"minecraft:crafting_table":3,"minecraft:lever":1,"minecraft:acacia_log":10,"minecraft:grass_block":5,"minecraft:spruce_fence":1,"minecraft:poppy":1,"minecraft:tall_grass":3,"minecraft:cobblestone":87,"minecraft:wall_torch":1,"minecraft:chiseled_stone_bricks":3,"minecraft:cobblestone_wall":7,"minecraft:carrots":28,"minecraft:iron_ore":55,"minecraft:wheat":1,"minecraft:andesite":3,"minecraft:moss_carpet":1,"minecraft:grass":15,"minecraft:oak_log":6,"minecraft:coal_ore":104,"minecraft:cobblestone_slab":17,"minecraft:vine":1,"minecraft:lantern":5,"minecraft:sand":64,"minecraft:dirt":11,"minecraft:bamboo":1,"pixelmon:silver_ore":1,"minecraft:dispenser":1,"minecraft:stone":659,"minecraft:orange_bed":1},"minecraft:dropped":{"minecraft:orange_dye":1,"minecraft:wheat_seeds":7,"minecraft:lever":3,"minecraft:cobblestone_wall":2,"minecraft:mossy_cobblestone":2,"minecraft:oak_planks":2,"minecraft:clay_ball":8,"minecraft:rotten_flesh":1,"minecraft:blaze_powder":1,"minecraft:spruce_fence":1,"minecraft:acacia_leaves":1,"minecraft:cod":3,"minecraft:item_frame":1,"minecraft:chiseled_stone_bricks":3,"minecraft:dirt":7,"minecraft:cobblestone_slab":1,"minecraft:rabbit":2,"minecraft:bone_meal":1,"minecraft:dead_bush":7,"minecraft:bamboo":8,"minecraft:acacia_door":1,"minecraft:ghast_tear":2,"minecraft:string":7,"pixelmon:poke_ball":1}},"DataVersion":3578}