{"stats":{"minecraft:crafted":{"minecraft:oak_planks":24,"minecraft:crafting_table":2,"minecraft:wooden_pickaxe":1,"minecraft:iron_helmet":1,"pixelmon:poke_ball":1,"minecraft:furnace":2,"minecraft:bucket":1,"minecraft:air":0,"minecraft:iron_boots":1,"minecraft:stick":12,"minecraft:iron_ingot":16,"minecraft:iron_pickaxe":1,"minecraft:stone_pickaxe":5,"minecraft:chest":4,"minecraft:acacia_planks":36,"minecraft:torch":40},"minecraft:picked_up":{"pixelmon:poke_ball_lid":1,"minecraft:crafting_table":2,"pixelmon:poke_ball":17,"minecraft:oak_log":6,"minecraft:string":7,"minecraft:moss_carpet":1,"minecraft:item_frame":1,"minecraft:bone":2,"minecraft:wheat_seeds":7,"minecraft:rabbit":2,"minecraft:bamboo":8,"minecraft:egg":1,"minecraft:stick":1,"minecraft:raw_iron":10,"minecraft:chiseled_stone_bricks":3,"minecraft:torch":1,"minecraft:acacia_log":9,"minecraft:spruce_fence":1,"minecraft:porkchop":3,"minecraft:stone_button":1,"minecraft:dead_bush":3,"minecraft:carrot":91,"minecraft:mossy_cobblestone":2,"minecraft:arrow":4,"minecraft:dispenser":1,"minecraft:lever":3,"minecraft:yellow_terracotta":1,"pixelmon:red_pc":1,"minecraft:bread":1,"pixelmon:silver_base":1,"minecraft:coal":104,"minecraft:blaze_powder":1,"minecraft:cobblestone":474},"minecraft:used":{"minecraft:stone_pickaxe":530,"minecraft:chest":4,"minecraft:wooden_pickaxe":60,"minecraft:torch":5,"minecraft:yellow_terracotta":1,"minecraft:crafting_table":4,"minecraft:carrot":70,"pixelmon:crystal_axe":11,"minecraft:bread":8,"minecraft:iron_pickaxe":20,"pixelmon:red_pc":1,"minecraft:cobblestone":441,"minecraft:furnace":2,"minecraft:bucket":1,"minecraft:egg":1},"minecraft:custom":{"minecraft:interact_with_furnace":3,"minecraft:interact_with_crafting_table":13,"minecraft:open_barrel":45,"minecraft:leave_game":21,"minecraft:time_since_death":183265,"minecraft:climb_one_cm":3775,"minecraft:time_since_rest":183265,"minecraft:sprint_one_cm":562054,"minecraft:damage_taken":190,"minecraft:walk_one_cm":316779,"minecraft:drop":21,"minecraft:damage_dealt":10,"minecraft:swim_one_cm":9436,"minecraft:fly_one_cm":753584,"minecraft:open_chest":55,"minecraft:crouch_one_cm":4802,"minecraft:play_time":183265,"minecraft:sneak_time":1793,"minecraft:walk_under_water_one_cm":797,"minecraft:boat_one_cm":92672,"minecraft:jump":3451,"minecraft:walk_on_water_one_cm":4333,"minecraft:total_world_time":183265,"minecraft:fall_one_cm":89723},"minecraft:broken":{"minecraft:stone_pickaxe":4,"minecraft:wooden_pickaxe":1},"minecraft:mined":{"minecraft:yellow_terracotta":1,"minecraft:mossy_cobblestone":2,"minecraft:crafting_table":2,"minecraft:lever":1,"minecraft:acacia_log":9,"minecraft:grass_block":1,"minecraft:spruce_fence":1,"minecraft:tall_grass":3,"minecraft:cobblestone":29,"minecraft:wall_torch":1,"minecraft:chiseled_stone_bricks":3,"minecraft:carrots":28,"minecraft:iron_ore":10,"minecraft:wheat":1,"minecraft:andesite":3,"minecraft:moss_carpet":1,"minecraft:grass":14,"minecraft:oak_log":6,"minecraft:coal_ore":104,"minecraft:vine":1,"minecraft:bamboo":1,"pixelmon:silver_ore":1,"minecraft:dispenser":1,"minecraft:stone":446},"minecraft:dropped":{"minecraft:wheat_seeds":7,"minecraft:lever":3,"minecraft:mossy_cobblestone":2,"minecraft:blaze_powder":1,"minecraft:spruce_fence":1,"minecraft:cod":3,"minecraft:item_frame":1,"minecraft:chiseled_stone_bricks":3,"minecraft:rabbit":2,"minecraft:dead_bush":3,"minecraft:bamboo":8,"minecraft:string":7,"pixelmon:poke_ball":1}},"DataVersion":3578}