{"stats":{"minecraft:used":{"pixelmon:crystal_axe":2,"minecraft:stone_pickaxe":32,"minecraft:bread":6,"minecraft:wooden_pickaxe":60,"minecraft:crafting_table":2},"minecraft:custom":{"minecraft:time_since_rest":42619,"minecraft:sprint_one_cm":142925,"minecraft:damage_taken":40,"minecraft:walk_one_cm":74996,"minecraft:drop":3,"minecraft:damage_dealt":10,"minecraft:swim_one_cm":1448,"minecraft:interact_with_crafting_table":2,"minecraft:fly_one_cm":195176,"minecraft:open_barrel":17,"minecraft:open_chest":18,"minecraft:crouch_one_cm":866,"minecraft:play_time":42619,"minecraft:sneak_time":418,"minecraft:walk_under_water_one_cm":383,"minecraft:jump":940,"minecraft:leave_game":7,"minecraft:walk_on_water_one_cm":1472,"minecraft:time_since_death":42619,"minecraft:climb_one_cm":1267,"minecraft:total_world_time":42619,"minecraft:fall_one_cm":19194},"minecraft:broken":{"minecraft:wooden_pickaxe":1},"minecraft:dropped":{"minecraft:wheat_seeds":1,"minecraft:cod":3,"minecraft:item_frame":1},"minecraft:picked_up":{"minecraft:crafting_table":2,"minecraft:raw_iron":9,"minecraft:spruce_fence":1,"pixelmon:poke_ball":1,"minecraft:oak_log":6,"minecraft:carrot":91,"minecraft:moss_carpet":1,"minecraft:item_frame":1,"minecraft:wheat_seeds":3,"minecraft:bread":1,"minecraft:coal":21,"minecraft:cobblestone":60},"minecraft:mined":{"minecraft:carrots":28,"minecraft:iron_ore":9,"minecraft:wheat":1,"minecraft:moss_carpet":1,"minecraft:crafting_table":2,"minecraft:grass":6,"minecraft:grass_block":1,"minecraft:spruce_fence":1,"minecraft:oak_log":6,"minecraft:coal_ore":21,"minecraft:tall_grass":3,"minecraft:stone":60},"minecraft:crafted":{"minecraft:oak_planks":24,"minecraft:crafting_table":1,"minecraft:wooden_pickaxe":1,"minecraft:stone_pickaxe":1}},"DataVersion":3578}