{"stats":{"minecraft:used":{"pixelmon:crystal_axe":2,"minecraft:stone_pickaxe":73,"minecraft:bread":8,"minecraft:wooden_pickaxe":60,"minecraft:crafting_table":2,"minecraft:carrot":10},"minecraft:custom":{"minecraft:time_since_rest":66406,"minecraft:sprint_one_cm":208960,"minecraft:damage_taken":100,"minecraft:walk_one_cm":124527,"minecraft:drop":11,"minecraft:damage_dealt":10,"minecraft:swim_one_cm":3292,"minecraft:interact_with_crafting_table":2,"minecraft:fly_one_cm":267080,"minecraft:open_barrel":19,"minecraft:open_chest":20,"minecraft:play_time":66406,"minecraft:crouch_one_cm":1253,"minecraft:sneak_time":480,"minecraft:walk_under_water_one_cm":552,"minecraft:boat_one_cm":92672,"minecraft:jump":1368,"minecraft:leave_game":8,"minecraft:time_since_death":66406,"minecraft:walk_on_water_one_cm":2897,"minecraft:total_world_time":66406,"minecraft:climb_one_cm":3201,"minecraft:fall_one_cm":29039},"minecraft:broken":{"minecraft:wooden_pickaxe":1},"minecraft:dropped":{"minecraft:chiseled_stone_bricks":3,"minecraft:wheat_seeds":3,"minecraft:lever":3,"minecraft:mossy_cobblestone":2,"minecraft:bamboo":8,"minecraft:spruce_fence":1,"pixelmon:poke_ball":1,"minecraft:cod":3,"minecraft:item_frame":1},"minecraft:picked_up":{"pixelmon:poke_ball_lid":1,"minecraft:stick":1,"minecraft:raw_iron":9,"minecraft:crafting_table":2,"minecraft:chiseled_stone_bricks":3,"minecraft:spruce_fence":1,"pixelmon:poke_ball":17,"minecraft:oak_log":6,"minecraft:stone_button":1,"minecraft:carrot":91,"minecraft:mossy_cobblestone":2,"minecraft:moss_carpet":1,"minecraft:item_frame":1,"minecraft:dispenser":1,"minecraft:arrow":4,"minecraft:wheat_seeds":3,"minecraft:lever":3,"minecraft:bread":1,"minecraft:bamboo":8,"pixelmon:silver_base":1,"minecraft:coal":50,"minecraft:cobblestone":63},"minecraft:mined":{"minecraft:carrots":28,"minecraft:mossy_cobblestone":2,"minecraft:iron_ore":9,"minecraft:wheat":1,"minecraft:moss_carpet":1,"minecraft:crafting_table":2,"minecraft:lever":1,"minecraft:grass":6,"minecraft:oak_log":6,"minecraft:grass_block":1,"minecraft:spruce_fence":1,"minecraft:coal_ore":50,"minecraft:vine":1,"minecraft:tall_grass":3,"minecraft:cobblestone":1,"minecraft:dispenser":1,"minecraft:bamboo":1,"pixelmon:silver_ore":1,"minecraft:stone":62,"minecraft:chiseled_stone_bricks":3},"minecraft:crafted":{"minecraft:oak_planks":24,"minecraft:crafting_table":1,"minecraft:wooden_pickaxe":1,"minecraft:stone_pickaxe":1,"pixelmon:poke_ball":1}},"DataVersion":3578}