{"stats":{"minecraft:custom":{"minecraft:jump":99,"minecraft:open_chest":14,"minecraft:time_since_rest":8232,"minecraft:crouch_one_cm":59,"minecraft:leave_game":4,"minecraft:play_time":8232,"minecraft:sprint_one_cm":16387,"minecraft:walk_on_water_one_cm":262,"minecraft:time_since_death":8232,"minecraft:walk_one_cm":12261,"minecraft:sneak_time":18,"minecraft:total_world_time":8232,"minecraft:drop":1,"minecraft:fall_one_cm":1254,"minecraft:fly_one_cm":12818,"minecraft:open_barrel":9},"minecraft:dropped":{"minecraft:item_frame":1},"minecraft:picked_up":{"minecraft:item_frame":1,"minecraft:bread":1}},"DataVersion":3578}