{"stats":{"minecraft:picked_up":{"minecraft:crafting_table":6,"pixelmon:toxic_plate":1,"minecraft:clay_ball":8,"minecraft:oak_stairs":3,"pixelmon:star_piece":1,"minecraft:string":7,"minecraft:moss_carpet":1,"minecraft:item_frame":1,"minecraft:cobbled_deepslate":82,"minecraft:cobblestone_slab":16,"minecraft:spruce_trapdoor":2,"minecraft:poppy":1,"minecraft:iron_pickaxe":1,"pixelmon:brown_pc":1,"minecraft:furnace":3,"minecraft:egg":1,"pixelmon:bauxite_ore":35,"pixelmon:black_apricorn":2,"minecraft:stick":2,"minecraft:raw_iron":91,"pixelmon:lum_berry":1,"minecraft:torch":15,"minecraft:acacia_log":35,"minecraft:spruce_fence":1,"minecraft:porkchop":3,"minecraft:stone_button":1,"pixelmon:ability_capsule":1,"minecraft:carrot":91,"minecraft:redstone":33,"pixelmon:curry_dex":1,"minecraft:blue_carpet":2,"pixelmon:raw_tumblestone":3,"minecraft:orange_bed":1,"pixelmon:silver_ore":19,"minecraft:arrow":4,"pixelmon:lure_casing_weak":1,"pixelmon:red_pc":2,"pixelmon:ruby":7,"minecraft:yellow_terracotta":2,"pixelmon:silver_base":1,"pixelmon:green_shard":2,"minecraft:blaze_powder":1,"minecraft:cobblestone":765,"minecraft:lapis_ore":2,"pixelmon:poke_ball_lid":1,"minecraft:andesite":23,"pixelmon:red_trade_machine":1,"pixelmon:poke_ball":17,"pixelmon:meadow_plate":2,"minecraft:oak_log":6,"minecraft:tuff":5,"pixelmon:aluminium_ingot":2,"pixelmon:raw_black_tumblestone":4,"minecraft:cobblestone_wall":8,"minecraft:cobblestone_stairs":2,"minecraft:lapis_lazuli":30,"minecraft:dirt":16,"minecraft:lantern":7,"minecraft:bone":4,"pixelmon:apricorn_leaves_blue":1,"minecraft:large_amethyst_bud":4,"minecraft:wheat_seeds":10,"minecraft:raw_gold":8,"minecraft:iron_ingot":6,"minecraft:iron_ore":2,"minecraft:mossy_stone_bricks":1,"minecraft:glowstone_dust":1,"minecraft:rabbit":2,"pixelmon:curry_potato":1,"minecraft:bamboo":8,"minecraft:iron_sword":1,"minecraft:oak_planks":1,"pixelmon:sapphire":5,"minecraft:book":18,"minecraft:ghast_tear":1,"minecraft:chiseled_stone_bricks":3,"minecraft:dandelion":1,"minecraft:raw_iron_block":1,"minecraft:gravel":1,"minecraft:sand":64,"minecraft:amethyst_shard":4,"minecraft:dead_bush":5,"pixelmon:yache_berry":1,"pixelmon:apricorn_leaves_black":2,"minecraft:mossy_cobblestone":3,"pixelmon:blue_apricorn":1,"minecraft:dispenser":1,"minecraft:diamond":52,"minecraft:lever":3,"minecraft:granite":1,"minecraft:bread":1,"pixelmon:platinum_ore":7,"minecraft:coal":180},"minecraft:custom":{"minecraft:interact_with_crafting_table":44,"minecraft:open_barrel":78,"minecraft:leave_game":30,"minecraft:time_since_death":459129,"minecraft:climb_one_cm":11682,"minecraft:sprint_one_cm":1477561,"minecraft:walk_one_cm":814876,"minecraft:drop":96,"minecraft:play_time":459129,"minecraft:sneak_time":10555,"minecraft:walk_under_water_one_cm":33590,"minecraft:boat_one_cm":155070,"minecraft:jump":7669,"minecraft:walk_on_water_one_cm":39454,"minecraft:total_world_time":459129,"minecraft:interact_with_furnace":61,"minecraft:interact_with_loom":1,"minecraft:sleep_in_bed":1,"minecraft:time_since_rest":172344,"minecraft:damage_taken":520,"minecraft:damage_dealt":80,"minecraft:swim_one_cm":60943,"minecraft:fly_one_cm":1606226,"minecraft:open_chest":138,"minecraft:crouch_one_cm":42851,"minecraft:interact_with_smoker":2,"minecraft:fall_one_cm":201216,"minecraft:horse_one_cm":1477360},"minecraft:crafted":{"minecraft:oak_planks":24,"minecraft:raw_iron":9,"minecraft:cobblestone_slab":186,"minecraft:stone_shovel":2,"pixelmon:platinum_ingot":7,"minecraft:furnace":3,"minecraft:cobblestone_stairs":8,"pixelmon:cooking_pot":1,"pixelmon:aluminium_ingot":11,"minecraft:glass_pane":96,"minecraft:glass":64,"minecraft:iron_boots":1,"pixelmon:infuser":1,"minecraft:stone_pickaxe":7,"minecraft:cobblestone_wall":54,"minecraft:chest":8,"pixelmon:silver_ingot":19,"minecraft:red_dye":1,"minecraft:glass_bottle":3,"minecraft:acacia_wood":3,"minecraft:cauldron":1,"minecraft:crafting_table":5,"minecraft:iron_helmet":1,"minecraft:baked_potato":64,"minecraft:wooden_pickaxe":1,"pixelmon:poke_ball":1,"minecraft:bucket":1,"minecraft:orange_dye":2,"minecraft:acacia_boat":1,"minecraft:air":0,"minecraft:charcoal":3,"minecraft:yellow_dye":1,"minecraft:stick":40,"minecraft:iron_ingot":72,"minecraft:iron_pickaxe":3,"minecraft:acacia_door":3,"minecraft:acacia_planks":124,"minecraft:orange_bed":1,"minecraft:torch":108},"minecraft:dropped":{"minecraft:iron_ingot":6,"pixelmon:yache_berry":1,"minecraft:iron_sword":1,"minecraft:orange_dye":1,"minecraft:wheat_seeds":10,"pixelmon:bauxite_ore":12,"minecraft:mossy_cobblestone":2,"minecraft:crafting_table":1,"pixelmon:curry_potato":1,"minecraft:cobblestone":1,"minecraft:feather":1,"minecraft:glow_berries":4,"pixelmon:meadow_plate":2,"pixelmon:ability_capsule":2,"minecraft:stick":2,"minecraft:cod":3,"minecraft:item_frame":1,"minecraft:dirt":10,"pixelmon:raw_black_tumblestone":4,"minecraft:rabbit":2,"minecraft:lapis_ore":2,"minecraft:dead_bush":9,"minecraft:oak_stairs":3,"pixelmon:apricorn_leaves_black":1,"minecraft:bone_meal":1,"pixelmon:green_shard":2,"minecraft:acacia_door":1,"minecraft:string":7,"pixelmon:black_apricorn":1,"minecraft:gravel":1,"pixelmon:grepa_berry":1,"minecraft:lever":3,"pixelmon:lum_berry":1,"minecraft:cobblestone_wall":2,"minecraft:stone_shovel":1,"minecraft:rotten_flesh":1,"pixelmon:apricorn_leaves_blue":1,"minecraft:clay_ball":8,"minecraft:oak_planks":2,"minecraft:glowstone_dust":2,"minecraft:blaze_powder":1,"minecraft:spruce_fence":1,"minecraft:acacia_leaves":1,"pixelmon:star_piece":2,"pixelmon:razz_berry":1,"minecraft:chiseled_stone_bricks":3,"minecraft:cobblestone_slab":1,"minecraft:stone":1,"minecraft:spruce_trapdoor":2,"pixelmon:raw_tumblestone":3,"minecraft:andesite":5,"minecraft:bamboo":8,"minecraft:iron_ore":2,"minecraft:arrow":1,"minecraft:stone_pickaxe":1,"minecraft:ghast_tear":2,"pixelmon:toxic_plate":1,"pixelmon:poke_ball":15},"minecraft:mined":{"minecraft:yellow_terracotta":2,"pixelmon:sapphire_ore":5,"minecraft:blue_carpet":2,"pixelmon:apricorn_leaves_black":1,"minecraft:large_amethyst_bud":2,"minecraft:tuff":7,"minecraft:mossy_cobblestone":3,"minecraft:deepslate_diamond_ore":52,"minecraft:cobblestone_stairs":2,"minecraft:spruce_trapdoor":2,"pixelmon:ruby_ore":7,"minecraft:lever":1,"minecraft:granite":1,"minecraft:budding_amethyst":1,"minecraft:acacia_log":35,"minecraft:grass_block":6,"minecraft:spruce_fence":1,"pixelmon:platinum_ore":7,"pixelmon:berry_plant_yache":1,"minecraft:chiseled_stone_bricks":3,"minecraft:spawner":3,"minecraft:raw_iron_block":1,"minecraft:furnace":3,"minecraft:carrots":28,"pixelmon:brown_healer":1,"minecraft:iron_ore":65,"minecraft:cobbled_deepslate":1,"minecraft:andesite":197,"minecraft:moss_carpet":1,"minecraft:deepslate_lapis_ore":1,"minecraft:bookshelf":6,"minecraft:deepslate_iron_ore":26,"minecraft:cobblestone_slab":17,"minecraft:vine":1,"minecraft:oak_stairs":1,"minecraft:small_amethyst_bud":1,"minecraft:lantern":5,"pixelmon:bauxite_ore":19,"minecraft:bamboo":1,"pixelmon:silver_ore":5,"minecraft:stone":702,"minecraft:orange_bed":1,"minecraft:deepslate_redstone_ore":8,"minecraft:acacia_leaves":7,"minecraft:glass_pane":1,"minecraft:amethyst_cluster":1,"minecraft:dandelion":1,"minecraft:clay":2,"minecraft:crafting_table":5,"pixelmon:red_healer":1,"minecraft:torch":3,"pixelmon:apricorn_leaves_blue":1,"minecraft:poppy":1,"minecraft:copper_ore":2,"minecraft:tall_grass":3,"minecraft:cobblestone":87,"minecraft:lapis_ore":4,"minecraft:deepslate_gold_ore":6,"minecraft:oak_planks":1,"minecraft:wall_torch":4,"minecraft:cobblestone_wall":7,"minecraft:wheat":1,"minecraft:stone_brick_stairs":1,"minecraft:grass":17,"minecraft:oak_log":6,"minecraft:coal_ore":105,"minecraft:gravel":9,"minecraft:sand":64,"minecraft:dirt":26,"minecraft:smooth_basalt":2,"minecraft:stone_bricks":2,"minecraft:dispenser":1,"minecraft:mossy_stone_bricks":1,"minecraft:gold_ore":2,"minecraft:deepslate":84},"minecraft:broken":{"minecraft:wooden_pickaxe":1,"minecraft:stone_pickaxe":6,"minecraft:iron_pickaxe":3},"minecraft:used":{"minecraft:stone_shovel":71,"minecraft:chest":8,"minecraft:iron_sword":2,"pixelmon:red_trade_machine":1,"minecraft:orange_bed":2,"minecraft:torch":140,"minecraft:dirt":8,"minecraft:cobblestone_wall":55,"minecraft:carrot":184,"minecraft:granite":1,"pixelmon:crystal_axe":55,"minecraft:lava_bucket":2,"minecraft:lantern":5,"pixelmon:red_pc":2,"minecraft:furnace":5,"minecraft:egg":2,"minecraft:cobbled_deepslate":75,"minecraft:acacia_planks":5,"minecraft:acacia_boat":1,"minecraft:mossy_stone_bricks":1,"minecraft:water_bucket":5,"minecraft:cobblestone_stairs":8,"minecraft:stone_pickaxe":867,"minecraft:baked_potato":8,"pixelmon:infuser":1,"minecraft:wooden_pickaxe":60,"minecraft:cobblestone_slab":201,"minecraft:yellow_terracotta":2,"minecraft:crafting_table":8,"minecraft:acacia_door":2,"minecraft:iron_pickaxe":570,"minecraft:bread":8,"minecraft:blue_carpet":2,"minecraft:cobblestone":574,"pixelmon:apricorn_leaves_black":1,"minecraft:andesite":1,"minecraft:bucket":8,"minecraft:glass_pane":96,"pixelmon:cooking_pot":1}},"DataVersion":3578}