{"stats":{"minecraft:picked_up":{"minecraft:crafting_table":4,"minecraft:wheat":2,"minecraft:flower_pot":3,"pixelmon:iron_base":1,"minecraft:raw_copper":12,"minecraft:cooked_salmon":8,"minecraft:item_frame":2,"pixelmon:end_table":1,"minecraft:cobbled_deepslate":43,"minecraft:bucket":4,"minecraft:oak_boat":3,"pixelmon:pixelmon_sprite":1,"minecraft:azalea":1,"minecraft:calcite":1,"minecraft:iron_pickaxe":1,"minecraft:melon_slice":50,"minecraft:sugar_cane":2,"minecraft:stick":18,"minecraft:raw_iron":75,"minecraft:torch":46,"minecraft:acacia_log":2,"minecraft:stone_button":1,"pixelmon:curry_herb":1,"minecraft:redstone":1,"pixelmon:payapa_berry":8,"pixelmon:silver_ore":15,"minecraft:rotten_flesh":3,"minecraft:hay_block":19,"pixelmon:red_apricorn":1,"minecraft:glow_berries":2,"minecraft:cobblestone":64,"minecraft:stripped_oak_log":8,"pixelmon:poke_ball_lid":1,"minecraft:water_bucket":1,"minecraft:andesite":256,"minecraft:leather":2,"minecraft:smoker":1,"pixelmon:poke_ball":52,"minecraft:flint":1,"pixelmon:meadow_plate":1,"minecraft:tuff":25,"minecraft:lily_pad":1,"minecraft:yellow_bed":1,"minecraft:acacia_boat":1,"minecraft:lapis_lazuli":69,"minecraft:dirt":14,"pixelmon:apricorn_leaves_blue":1,"minecraft:wheat_seeds":14,"minecraft:raw_gold":10,"minecraft:iron_ingot":6,"minecraft:bamboo":28,"minecraft:acacia_sapling":1,"minecraft:book":6,"minecraft:gravel":6,"minecraft:diamond":34,"minecraft:soul_lantern":1,"pixelmon:haban_berry":2,"minecraft:bread":61,"minecraft:terracotta":1,"minecraft:oak_sapling":5,"minecraft:coal":92},"minecraft:custom":{"minecraft:interact_with_crafting_table":15,"minecraft:open_barrel":73,"minecraft:bell_ring":1,"minecraft:leave_game":25,"minecraft:time_since_death":76757,"minecraft:climb_one_cm":8741,"minecraft:sprint_one_cm":550040,"minecraft:walk_one_cm":1078671,"minecraft:drop":43,"minecraft:play_time":350440,"minecraft:deaths":1,"minecraft:sneak_time":1972,"minecraft:walk_under_water_one_cm":26086,"minecraft:boat_one_cm":282031,"minecraft:interact_with_lectern":3,"minecraft:jump":3240,"minecraft:walk_on_water_one_cm":38564,"minecraft:total_world_time":350440,"minecraft:interact_with_furnace":19,"minecraft:interact_with_cartography_table":1,"minecraft:interact_with_loom":1,"minecraft:pot_flower":2,"minecraft:sleep_in_bed":1,"minecraft:time_since_rest":76812,"minecraft:damage_taken":1030,"minecraft:swim_one_cm":51365,"minecraft:fly_one_cm":364379,"minecraft:open_chest":126,"minecraft:crouch_one_cm":7502,"minecraft:interact_with_smoker":3,"minecraft:fall_one_cm":69956,"minecraft:horse_one_cm":466118},"minecraft:crafted":{"pixelmon:curry_dex":1,"minecraft:oak_planks":32,"minecraft:stone_pickaxe":1,"pixelmon:end_table":1,"minecraft:wheat":162,"minecraft:crafting_table":2,"pixelmon:curry_potato":1,"minecraft:wooden_pickaxe":1,"minecraft:cooked_salmon":12,"minecraft:bread":54,"minecraft:air":0,"minecraft:oak_boat":1,"minecraft:stick":36,"minecraft:iron_ingot":54,"minecraft:iron_pickaxe":2,"minecraft:acacia_planks":8,"minecraft:torch":76},"minecraft:dropped":{"minecraft:bread":1,"minecraft:wheat_seeds":9,"minecraft:large_amethyst_bud":4,"pixelmon:curry_potato":1,"minecraft:cobblestone":19,"minecraft:feather":2,"pixelmon:meadow_plate":1,"pixelmon:aguav_berry":1,"minecraft:dirt":1,"minecraft:stone_button":1,"pixelmon:lure_casing_weak":1,"minecraft:iron_pickaxe":1,"pixelmon:curry_dex":1,"pixelmon:grepa_berry":1,"minecraft:kelp":1,"pixelmon:curry_herb":1,"minecraft:stone":1,"pixelmon:silver_ore":15,"minecraft:andesite":128,"pixelmon:film":8,"pixelmon:pixelmon_sprite":1,"pixelmon:poke_ball":4,"minecraft:terracotta":1},"minecraft:mined":{"minecraft:tuff":25,"minecraft:spruce_planks":1,"minecraft:deepslate_diamond_ore":35,"minecraft:glow_lichen":1,"minecraft:budding_amethyst":1,"minecraft:acacia_log":2,"minecraft:grass_block":1,"pixelmon:end_table":1,"minecraft:potted_bamboo":2,"minecraft:hay_block":19,"minecraft:iron_ore":15,"minecraft:cobbled_deepslate":7,"minecraft:andesite":19,"minecraft:deepslate_lapis_ore":11,"minecraft:bookshelf":2,"minecraft:deepslate_iron_ore":60,"minecraft:oak_stairs":3,"minecraft:stripped_oak_log":8,"minecraft:bamboo":1,"minecraft:azalea":1,"pixelmon:silver_ore":15,"minecraft:stone":23,"minecraft:acacia_leaves":5,"minecraft:smoker":1,"minecraft:medium_amethyst_bud":1,"minecraft:soul_lantern":1,"minecraft:crafting_table":3,"minecraft:torch":1,"minecraft:calcite":1,"minecraft:melon":9,"minecraft:stone_slab":1,"minecraft:tall_grass":3,"minecraft:copper_ore":1,"minecraft:deepslate_gold_ore":10,"minecraft:sugar_cane":1,"minecraft:wheat":3,"minecraft:yellow_bed":1,"minecraft:grass":13,"minecraft:coal_ore":94,"minecraft:gravel":2,"minecraft:flower_pot":1,"minecraft:dirt":1,"minecraft:terracotta":1,"minecraft:oak_leaves":3,"minecraft:deepslate":39},"minecraft:broken":{"minecraft:stone_pickaxe":1},"minecraft:used":{"pixelmon:end_table":2,"minecraft:tropical_fish":3,"minecraft:cooked_salmon":1,"minecraft:torch":32,"minecraft:dirt":1,"minecraft:acacia_sapling":1,"minecraft:tuff":25,"minecraft:stone_bricks":1,"minecraft:item_frame":1,"minecraft:cobbled_deepslate":13,"minecraft:water_bucket":13,"minecraft:stone_pickaxe":133,"minecraft:wooden_pickaxe":24,"minecraft:composter":1,"minecraft:glow_berries":11,"minecraft:crafting_table":3,"minecraft:smoker":1,"minecraft:flower_pot":2,"minecraft:bread":25,"minecraft:iron_pickaxe":215,"pixelmon:black_tumblestone":3,"minecraft:soul_lantern":1,"minecraft:andesite":8,"minecraft:bucket":14,"minecraft:oak_boat":3}},"DataVersion":3578}