{"stats":{"minecraft:used":{"pixelmon:black_tumblestone":3,"minecraft:wooden_pickaxe":24,"minecraft:stone_bricks":1,"minecraft:dirt":1,"minecraft:crafting_table":1},"minecraft:custom":{"minecraft:time_since_rest":28494,"minecraft:sprint_one_cm":37701,"minecraft:damage_taken":30,"minecraft:walk_one_cm":87057,"minecraft:drop":2,"minecraft:swim_one_cm":600,"minecraft:interact_with_crafting_table":2,"minecraft:fly_one_cm":18373,"minecraft:open_barrel":5,"minecraft:open_chest":17,"minecraft:play_time":28494,"minecraft:sneak_time":31,"minecraft:walk_under_water_one_cm":424,"minecraft:interact_with_lectern":2,"minecraft:jump":228,"minecraft:leave_game":4,"minecraft:walk_on_water_one_cm":2314,"minecraft:time_since_death":28494,"minecraft:total_world_time":28494,"minecraft:fall_one_cm":3924},"minecraft:dropped":{"minecraft:stone":1,"pixelmon:film":8},"minecraft:picked_up":{"minecraft:stripped_oak_log":8,"minecraft:crafting_table":1,"minecraft:yellow_bed":1,"minecraft:dirt":2,"minecraft:wheat_seeds":1,"minecraft:hay_block":13,"minecraft:bread":1,"minecraft:melon_slice":4,"minecraft:coal":6,"minecraft:cobblestone":15},"minecraft:crafted":{"minecraft:oak_planks":32,"minecraft:crafting_table":1,"minecraft:stick":4,"minecraft:wooden_pickaxe":1,"minecraft:stone_pickaxe":1},"minecraft:mined":{"minecraft:hay_block":13,"minecraft:wheat":2,"minecraft:yellow_bed":1,"minecraft:crafting_table":1,"minecraft:grass":1,"minecraft:grass_block":1,"minecraft:coal_ore":6,"minecraft:melon":1,"minecraft:dirt":1,"minecraft:stripped_oak_log":8,"minecraft:stone_slab":1,"minecraft:tall_grass":2,"minecraft:stone":15}},"DataVersion":3578}