{"stats":{"minecraft:used":{"minecraft:bread":2,"minecraft:stone_pickaxe":8,"pixelmon:black_tumblestone":3,"minecraft:wooden_pickaxe":24,"minecraft:stone_bricks":1,"minecraft:dirt":1,"minecraft:crafting_table":2,"minecraft:oak_boat":1},"minecraft:custom":{"minecraft:time_since_rest":40274,"minecraft:sprint_one_cm":65372,"minecraft:damage_taken":40,"minecraft:walk_one_cm":128339,"minecraft:drop":2,"minecraft:swim_one_cm":1823,"minecraft:interact_with_crafting_table":3,"minecraft:fly_one_cm":35703,"minecraft:open_barrel":7,"minecraft:open_chest":18,"minecraft:play_time":40274,"minecraft:sneak_time":100,"minecraft:walk_under_water_one_cm":5823,"minecraft:boat_one_cm":50307,"minecraft:interact_with_lectern":2,"minecraft:jump":402,"minecraft:leave_game":5,"minecraft:time_since_death":40274,"minecraft:walk_on_water_one_cm":4123,"minecraft:total_world_time":40274,"minecraft:fall_one_cm":6552},"minecraft:dropped":{"minecraft:stone":1,"pixelmon:film":8},"minecraft:picked_up":{"minecraft:stripped_oak_log":8,"minecraft:crafting_table":2,"minecraft:lily_pad":1,"minecraft:yellow_bed":1,"minecraft:dirt":2,"minecraft:wheat_seeds":1,"minecraft:hay_block":13,"minecraft:oak_boat":1,"minecraft:bread":1,"minecraft:oak_sapling":3,"minecraft:melon_slice":4,"minecraft:sugar_cane":2,"minecraft:glow_berries":2,"minecraft:coal":14,"minecraft:cobblestone":15},"minecraft:crafted":{"minecraft:oak_boat":1,"minecraft:oak_planks":32,"minecraft:crafting_table":1,"minecraft:stick":4,"minecraft:wooden_pickaxe":1,"minecraft:stone_pickaxe":1},"minecraft:mined":{"minecraft:hay_block":13,"minecraft:wheat":2,"minecraft:yellow_bed":1,"minecraft:crafting_table":2,"minecraft:grass":1,"minecraft:grass_block":1,"minecraft:coal_ore":14,"minecraft:melon":1,"minecraft:dirt":1,"minecraft:stripped_oak_log":8,"minecraft:stone_slab":1,"minecraft:tall_grass":2,"minecraft:stone":15,"minecraft:sugar_cane":1}},"DataVersion":3578}