{"stats":{"minecraft:used":{"minecraft:bread":5,"minecraft:stone_pickaxe":13,"pixelmon:black_tumblestone":3,"minecraft:wooden_pickaxe":24,"minecraft:stone_bricks":1,"minecraft:dirt":1,"minecraft:crafting_table":2,"minecraft:oak_boat":2},"minecraft:custom":{"minecraft:time_since_rest":64018,"minecraft:sprint_one_cm":102784,"minecraft:damage_taken":130,"minecraft:walk_one_cm":207559,"minecraft:drop":8,"minecraft:swim_one_cm":2341,"minecraft:interact_with_crafting_table":3,"minecraft:fly_one_cm":56017,"minecraft:open_barrel":11,"minecraft:open_chest":20,"minecraft:play_time":64018,"minecraft:sneak_time":100,"minecraft:walk_under_water_one_cm":7351,"minecraft:boat_one_cm":132885,"minecraft:interact_with_lectern":2,"minecraft:jump":686,"minecraft:leave_game":6,"minecraft:time_since_death":64018,"minecraft:walk_on_water_one_cm":5354,"minecraft:total_world_time":64018,"minecraft:climb_one_cm":2052,"minecraft:fall_one_cm":13434},"minecraft:dropped":{"minecraft:dirt":1,"minecraft:stone":1,"pixelmon:film":8,"minecraft:feather":2,"pixelmon:poke_ball":4},"minecraft:picked_up":{"minecraft:stripped_oak_log":8,"minecraft:crafting_table":2,"pixelmon:poke_ball":4,"minecraft:lily_pad":1,"minecraft:yellow_bed":1,"minecraft:dirt":2,"minecraft:wheat_seeds":1,"minecraft:hay_block":13,"minecraft:oak_boat":2,"minecraft:bread":1,"minecraft:bamboo":26,"minecraft:oak_sapling":5,"minecraft:melon_slice":21,"minecraft:sugar_cane":2,"minecraft:glow_berries":2,"minecraft:coal":18,"minecraft:cobblestone":15},"minecraft:crafted":{"minecraft:oak_boat":1,"minecraft:oak_planks":32,"minecraft:crafting_table":1,"minecraft:stick":4,"minecraft:wooden_pickaxe":1,"minecraft:stone_pickaxe":1},"minecraft:mined":{"minecraft:hay_block":13,"minecraft:wheat":2,"minecraft:yellow_bed":1,"minecraft:crafting_table":2,"minecraft:grass":3,"minecraft:grass_block":1,"minecraft:coal_ore":19,"minecraft:melon":4,"minecraft:dirt":1,"minecraft:stripped_oak_log":8,"minecraft:stone_slab":1,"minecraft:tall_grass":2,"minecraft:oak_leaves":2,"minecraft:bamboo":1,"minecraft:stone":15,"minecraft:sugar_cane":1}},"DataVersion":3578}