{"stats":{"minecraft:used":{"minecraft:bread":8,"minecraft:stone_pickaxe":13,"pixelmon:black_tumblestone":3,"minecraft:wooden_pickaxe":24,"minecraft:stone_bricks":1,"minecraft:item_frame":1,"minecraft:dirt":1,"minecraft:crafting_table":2,"minecraft:oak_boat":2},"minecraft:custom":{"minecraft:time_since_rest":86454,"minecraft:sprint_one_cm":146453,"minecraft:damage_taken":170,"minecraft:walk_one_cm":276320,"minecraft:drop":8,"minecraft:swim_one_cm":10252,"minecraft:interact_with_crafting_table":3,"minecraft:fly_one_cm":103085,"minecraft:open_barrel":15,"minecraft:open_chest":37,"minecraft:play_time":86454,"minecraft:sneak_time":128,"minecraft:walk_under_water_one_cm":8041,"minecraft:pot_flower":1,"minecraft:boat_one_cm":132885,"minecraft:interact_with_lectern":2,"minecraft:jump":954,"minecraft:leave_game":10,"minecraft:time_since_death":86454,"minecraft:total_world_time":86454,"minecraft:walk_on_water_one_cm":7208,"minecraft:climb_one_cm":2233,"minecraft:fall_one_cm":20441},"minecraft:dropped":{"minecraft:dirt":1,"minecraft:stone":1,"pixelmon:film":8,"minecraft:feather":2,"pixelmon:poke_ball":4},"minecraft:picked_up":{"minecraft:stripped_oak_log":8,"minecraft:crafting_table":2,"pixelmon:poke_ball":4,"minecraft:lily_pad":1,"minecraft:yellow_bed":1,"minecraft:dirt":2,"minecraft:item_frame":2,"minecraft:wheat_seeds":7,"minecraft:hay_block":18,"minecraft:oak_boat":2,"minecraft:bread":2,"minecraft:glow_berries":2,"minecraft:bamboo":26,"minecraft:oak_sapling":5,"minecraft:melon_slice":24,"minecraft:sugar_cane":2,"minecraft:coal":18,"minecraft:cobblestone":15},"minecraft:crafted":{"minecraft:oak_boat":1,"minecraft:oak_planks":32,"minecraft:crafting_table":1,"minecraft:stick":4,"minecraft:wooden_pickaxe":1,"minecraft:stone_pickaxe":1},"minecraft:mined":{"minecraft:hay_block":18,"minecraft:wheat":2,"minecraft:yellow_bed":1,"minecraft:crafting_table":2,"minecraft:grass":10,"minecraft:grass_block":1,"minecraft:coal_ore":19,"minecraft:melon":5,"minecraft:dirt":1,"minecraft:stripped_oak_log":8,"minecraft:stone_slab":1,"minecraft:tall_grass":3,"minecraft:bamboo":1,"minecraft:stone":15,"minecraft:sugar_cane":1,"minecraft:oak_leaves":2}},"DataVersion":3578}