{"stats":{"minecraft:used":{"minecraft:stone_bricks":1,"pixelmon:black_tumblestone":3},"minecraft:custom":{"minecraft:open_chest":17,"minecraft:time_since_rest":17208,"minecraft:sprint_one_cm":18731,"minecraft:play_time":17208,"minecraft:damage_taken":30,"minecraft:walk_one_cm":50426,"minecraft:sneak_time":30,"minecraft:walk_under_water_one_cm":315,"minecraft:drop":2,"minecraft:interact_with_lectern":2,"minecraft:jump":108,"minecraft:leave_game":1,"minecraft:walk_on_water_one_cm":1377,"minecraft:time_since_death":17208,"minecraft:total_world_time":17208,"minecraft:swim_one_cm":600,"minecraft:fall_one_cm":2552,"minecraft:fly_one_cm":9619,"minecraft:open_barrel":5},"minecraft:dropped":{"minecraft:stone":1,"pixelmon:film":8},"minecraft:picked_up":{"minecraft:hay_block":13,"minecraft:bread":1,"minecraft:yellow_bed":1},"minecraft:mined":{"minecraft:hay_block":13,"minecraft:wheat":2,"minecraft:tall_grass":1,"minecraft:yellow_bed":1}},"DataVersion":3578}