{"stats":{"minecraft:crafted":{"pixelmon:curry_dex":1,"minecraft:oak_planks":32,"minecraft:crafting_table":1,"pixelmon:curry_potato":1,"minecraft:wooden_pickaxe":1,"minecraft:bread":54,"minecraft:air":0,"minecraft:oak_boat":1,"minecraft:stick":4,"minecraft:iron_ingot":11,"minecraft:iron_pickaxe":1,"minecraft:stone_pickaxe":1,"pixelmon:end_table":1,"minecraft:acacia_planks":8,"minecraft:wheat":162},"minecraft:custom":{"minecraft:interact_with_furnace":6,"minecraft:interact_with_crafting_table":11,"minecraft:open_barrel":43,"minecraft:bell_ring":1,"minecraft:pot_flower":2,"minecraft:leave_game":23,"minecraft:time_since_death":195960,"minecraft:sleep_in_bed":1,"minecraft:climb_one_cm":2233,"minecraft:time_since_rest":13111,"minecraft:sprint_one_cm":280744,"minecraft:damage_taken":180,"minecraft:walk_one_cm":525086,"minecraft:drop":32,"minecraft:swim_one_cm":11370,"minecraft:fly_one_cm":192117,"minecraft:open_chest":88,"minecraft:crouch_one_cm":2420,"minecraft:play_time":195960,"minecraft:sneak_time":716,"minecraft:walk_under_water_one_cm":8409,"minecraft:boat_one_cm":221814,"minecraft:interact_with_lectern":2,"minecraft:jump":1614,"minecraft:walk_on_water_one_cm":16278,"minecraft:total_world_time":195960,"minecraft:fall_one_cm":35272},"minecraft:dropped":{"minecraft:bread":1,"pixelmon:curry_dex":1,"minecraft:wheat_seeds":9,"pixelmon:curry_herb":1,"minecraft:large_amethyst_bud":4,"pixelmon:curry_potato":1,"minecraft:feather":2,"minecraft:cobblestone":19,"minecraft:dirt":1,"minecraft:stone":1,"pixelmon:film":8,"pixelmon:lure_casing_weak":1,"pixelmon:poke_ball":4},"minecraft:mined":{"minecraft:acacia_leaves":4,"minecraft:smoker":1,"minecraft:crafting_table":2,"minecraft:acacia_log":2,"minecraft:grass_block":1,"minecraft:melon":9,"pixelmon:end_table":1,"minecraft:stone_slab":1,"minecraft:tall_grass":3,"minecraft:potted_bamboo":1,"minecraft:sugar_cane":1,"minecraft:hay_block":18,"minecraft:wheat":3,"minecraft:yellow_bed":1,"minecraft:grass":12,"minecraft:coal_ore":35,"minecraft:dirt":1,"minecraft:stripped_oak_log":8,"minecraft:bamboo":1,"minecraft:stone":22,"minecraft:oak_leaves":2},"minecraft:used":{"pixelmon:end_table":2,"minecraft:stone_pickaxe":43,"minecraft:wooden_pickaxe":24,"minecraft:glow_berries":4,"minecraft:dirt":1,"minecraft:crafting_table":2,"minecraft:acacia_sapling":1,"minecraft:flower_pot":1,"minecraft:bread":13,"pixelmon:black_tumblestone":3,"minecraft:stone_bricks":1,"minecraft:item_frame":1,"minecraft:bucket":1,"minecraft:oak_boat":3},"minecraft:picked_up":{"minecraft:stripped_oak_log":8,"minecraft:wheat":1,"minecraft:crafting_table":2,"minecraft:flower_pot":1,"minecraft:smoker":1,"pixelmon:poke_ball":4,"minecraft:lily_pad":1,"minecraft:yellow_bed":1,"minecraft:dirt":2,"minecraft:item_frame":2,"pixelmon:end_table":1,"minecraft:wheat_seeds":11,"minecraft:oak_boat":3,"minecraft:bamboo":27,"minecraft:melon_slice":50,"minecraft:sugar_cane":2,"minecraft:acacia_sapling":1,"minecraft:acacia_log":2,"pixelmon:curry_herb":1,"minecraft:redstone":1,"minecraft:rotten_flesh":3,"minecraft:hay_block":18,"minecraft:bread":3,"pixelmon:red_apricorn":1,"minecraft:oak_sapling":5,"minecraft:glow_berries":2,"minecraft:coal":34,"minecraft:cobblestone":22}},"DataVersion":3578}