{"stats":{"minecraft:crafted":{"minecraft:oak_boat":1,"minecraft:oak_planks":32,"minecraft:crafting_table":1,"minecraft:stick":4,"minecraft:wooden_pickaxe":1,"minecraft:stone_pickaxe":1,"minecraft:bread":54,"minecraft:wheat":162},"minecraft:picked_up":{"minecraft:stripped_oak_log":8,"minecraft:crafting_table":2,"minecraft:wheat":1,"minecraft:smoker":1,"pixelmon:poke_ball":4,"minecraft:lily_pad":1,"pixelmon:curry_herb":1,"minecraft:yellow_bed":1,"minecraft:dirt":2,"minecraft:item_frame":2,"minecraft:rotten_flesh":3,"minecraft:wheat_seeds":11,"minecraft:hay_block":18,"minecraft:oak_boat":3,"minecraft:bread":3,"pixelmon:red_apricorn":1,"minecraft:glow_berries":2,"minecraft:bamboo":26,"minecraft:oak_sapling":5,"minecraft:melon_slice":50,"minecraft:sugar_cane":2,"minecraft:coal":34,"minecraft:cobblestone":22},"minecraft:used":{"minecraft:bread":10,"minecraft:stone_pickaxe":43,"pixelmon:black_tumblestone":3,"minecraft:wooden_pickaxe":24,"minecraft:stone_bricks":1,"minecraft:item_frame":1,"minecraft:dirt":1,"minecraft:crafting_table":2,"minecraft:oak_boat":3},"minecraft:custom":{"minecraft:time_since_rest":164926,"minecraft:sprint_one_cm":231852,"minecraft:damage_taken":170,"minecraft:walk_one_cm":447491,"minecraft:drop":25,"minecraft:interact_with_crafting_table":4,"minecraft:swim_one_cm":11370,"minecraft:fly_one_cm":164038,"minecraft:open_barrel":26,"minecraft:open_chest":57,"minecraft:crouch_one_cm":793,"minecraft:play_time":164926,"minecraft:bell_ring":1,"minecraft:sneak_time":344,"minecraft:walk_under_water_one_cm":8409,"minecraft:pot_flower":1,"minecraft:boat_one_cm":221814,"minecraft:interact_with_lectern":2,"minecraft:jump":1415,"minecraft:leave_game":21,"minecraft:time_since_death":164926,"minecraft:total_world_time":164926,"minecraft:walk_on_water_one_cm":16278,"minecraft:climb_one_cm":2233,"minecraft:fall_one_cm":30697},"minecraft:mined":{"minecraft:hay_block":18,"minecraft:wheat":3,"minecraft:smoker":1,"minecraft:yellow_bed":1,"minecraft:crafting_table":2,"minecraft:grass":12,"minecraft:grass_block":1,"minecraft:coal_ore":35,"minecraft:melon":9,"minecraft:dirt":1,"minecraft:stripped_oak_log":8,"minecraft:stone_slab":1,"minecraft:tall_grass":3,"minecraft:bamboo":1,"minecraft:stone":22,"minecraft:sugar_cane":1,"minecraft:oak_leaves":2},"minecraft:dropped":{"minecraft:bread":1,"minecraft:dirt":1,"minecraft:stone":1,"minecraft:wheat_seeds":9,"pixelmon:curry_herb":1,"pixelmon:film":8,"minecraft:cobblestone":19,"minecraft:feather":2,"pixelmon:poke_ball":4}},"DataVersion":3578}