{"stats":{"minecraft:picked_up":{"minecraft:stripped_oak_log":8,"minecraft:crafting_table":2,"minecraft:wheat":2,"minecraft:flower_pot":1,"minecraft:andesite":7,"minecraft:smoker":1,"pixelmon:poke_ball":4,"minecraft:tuff":5,"minecraft:lily_pad":1,"minecraft:yellow_bed":1,"minecraft:lapis_lazuli":47,"minecraft:dirt":2,"minecraft:raw_copper":5,"minecraft:item_frame":2,"pixelmon:end_table":1,"minecraft:wheat_seeds":14,"minecraft:cobbled_deepslate":28,"minecraft:raw_gold":6,"minecraft:oak_boat":3,"minecraft:bamboo":27,"minecraft:melon_slice":50,"minecraft:sugar_cane":2,"minecraft:acacia_sapling":1,"minecraft:raw_iron":55,"minecraft:torch":1,"minecraft:acacia_log":2,"pixelmon:curry_herb":1,"minecraft:redstone":1,"pixelmon:payapa_berry":8,"pixelmon:silver_ore":6,"minecraft:rotten_flesh":3,"minecraft:diamond":21,"minecraft:soul_lantern":1,"pixelmon:haban_berry":2,"minecraft:hay_block":18,"minecraft:bread":3,"pixelmon:red_apricorn":1,"minecraft:oak_sapling":5,"minecraft:glow_berries":2,"minecraft:coal":75,"minecraft:cobblestone":22},"minecraft:custom":{"minecraft:interact_with_furnace":6,"minecraft:interact_with_crafting_table":11,"minecraft:open_barrel":43,"minecraft:bell_ring":1,"minecraft:pot_flower":2,"minecraft:leave_game":24,"minecraft:time_since_death":220556,"minecraft:sleep_in_bed":1,"minecraft:climb_one_cm":2233,"minecraft:time_since_rest":37707,"minecraft:sprint_one_cm":324707,"minecraft:damage_taken":200,"minecraft:walk_one_cm":637276,"minecraft:drop":32,"minecraft:swim_one_cm":11370,"minecraft:fly_one_cm":211640,"minecraft:open_chest":89,"minecraft:crouch_one_cm":2420,"minecraft:play_time":220556,"minecraft:sneak_time":716,"minecraft:walk_under_water_one_cm":8976,"minecraft:interact_with_lectern":2,"minecraft:boat_one_cm":221814,"minecraft:jump":1887,"minecraft:walk_on_water_one_cm":20720,"minecraft:total_world_time":220556,"minecraft:fall_one_cm":39249},"minecraft:crafted":{"pixelmon:curry_dex":1,"minecraft:oak_planks":32,"minecraft:crafting_table":1,"pixelmon:curry_potato":1,"minecraft:wooden_pickaxe":1,"minecraft:bread":54,"minecraft:air":0,"minecraft:oak_boat":1,"minecraft:stick":36,"minecraft:iron_ingot":11,"minecraft:stone_pickaxe":1,"minecraft:iron_pickaxe":1,"pixelmon:end_table":1,"minecraft:acacia_planks":8,"minecraft:torch":76,"minecraft:wheat":162},"minecraft:dropped":{"minecraft:bread":1,"pixelmon:curry_dex":1,"minecraft:wheat_seeds":9,"pixelmon:curry_herb":1,"minecraft:large_amethyst_bud":4,"pixelmon:curry_potato":1,"minecraft:feather":2,"minecraft:cobblestone":19,"minecraft:dirt":1,"minecraft:stone":1,"pixelmon:film":8,"pixelmon:lure_casing_weak":1,"pixelmon:poke_ball":4},"minecraft:mined":{"minecraft:tuff":5,"minecraft:acacia_leaves":4,"minecraft:deepslate_diamond_ore":21,"minecraft:smoker":1,"minecraft:soul_lantern":1,"minecraft:crafting_table":2,"minecraft:torch":1,"minecraft:glow_lichen":1,"minecraft:acacia_log":2,"minecraft:grass_block":1,"minecraft:melon":9,"pixelmon:end_table":1,"minecraft:stone_slab":1,"minecraft:tall_grass":3,"minecraft:copper_ore":1,"minecraft:deepslate_gold_ore":6,"minecraft:potted_bamboo":1,"minecraft:sugar_cane":1,"minecraft:hay_block":18,"minecraft:iron_ore":15,"minecraft:wheat":3,"minecraft:andesite":7,"minecraft:deepslate_lapis_ore":8,"minecraft:yellow_bed":1,"minecraft:grass":12,"minecraft:coal_ore":77,"minecraft:deepslate_iron_ore":40,"minecraft:dirt":1,"minecraft:stripped_oak_log":8,"minecraft:bamboo":1,"pixelmon:silver_ore":6,"minecraft:stone":23,"minecraft:oak_leaves":2,"minecraft:deepslate":29},"minecraft:used":{"pixelmon:end_table":2,"minecraft:stone_pickaxe":81,"minecraft:wooden_pickaxe":24,"minecraft:torch":22,"minecraft:glow_berries":4,"minecraft:dirt":1,"minecraft:crafting_table":2,"minecraft:acacia_sapling":1,"minecraft:flower_pot":1,"minecraft:bread":15,"minecraft:iron_pickaxe":145,"pixelmon:black_tumblestone":3,"minecraft:stone_bricks":1,"minecraft:item_frame":1,"minecraft:andesite":1,"minecraft:bucket":1,"minecraft:oak_boat":3}},"DataVersion":3578}