{"stats":{"minecraft:used":{"pixelmon:black_tumblestone":3,"minecraft:stone_bricks":1},"minecraft:custom":{"minecraft:jump":51,"minecraft:open_chest":17,"minecraft:time_since_rest":6181,"minecraft:leave_game":1,"minecraft:walk_on_water_one_cm":512,"minecraft:sprint_one_cm":4698,"minecraft:play_time":6181,"minecraft:damage_taken":20,"minecraft:time_since_death":6181,"minecraft:walk_one_cm":19507,"minecraft:sneak_time":30,"minecraft:total_world_time":6181,"minecraft:drop":1,"minecraft:fall_one_cm":1354,"minecraft:fly_one_cm":4223},"minecraft:dropped":{"minecraft:stone":1},"minecraft:picked_up":{"minecraft:bread":1,"minecraft:hay_block":5},"minecraft:mined":{"minecraft:hay_block":5}},"DataVersion":3578}