{"stats":{"minecraft:used":{"minecraft:bread":10,"minecraft:stone_pickaxe":42,"pixelmon:black_tumblestone":3,"minecraft:wooden_pickaxe":24,"minecraft:stone_bricks":1,"minecraft:item_frame":1,"minecraft:dirt":1,"minecraft:crafting_table":2,"minecraft:oak_boat":3},"minecraft:custom":{"minecraft:time_since_rest":149850,"minecraft:sprint_one_cm":205545,"minecraft:damage_taken":170,"minecraft:walk_one_cm":409326,"minecraft:drop":10,"minecraft:swim_one_cm":11370,"minecraft:interact_with_crafting_table":3,"minecraft:fly_one_cm":147850,"minecraft:open_barrel":15,"minecraft:open_chest":38,"minecraft:play_time":149850,"minecraft:bell_ring":1,"minecraft:sneak_time":128,"minecraft:walk_under_water_one_cm":8409,"minecraft:pot_flower":1,"minecraft:boat_one_cm":221814,"minecraft:interact_with_lectern":2,"minecraft:jump":1310,"minecraft:leave_game":19,"minecraft:time_since_death":149850,"minecraft:total_world_time":149850,"minecraft:walk_on_water_one_cm":16278,"minecraft:climb_one_cm":2233,"minecraft:fall_one_cm":28340},"minecraft:dropped":{"minecraft:bread":1,"minecraft:dirt":1,"minecraft:stone":1,"minecraft:wheat_seeds":9,"pixelmon:film":8,"minecraft:feather":2,"pixelmon:poke_ball":4},"minecraft:picked_up":{"minecraft:stripped_oak_log":8,"minecraft:crafting_table":2,"minecraft:wheat":1,"pixelmon:poke_ball":4,"minecraft:lily_pad":1,"minecraft:yellow_bed":1,"minecraft:dirt":2,"minecraft:item_frame":2,"minecraft:rotten_flesh":3,"minecraft:wheat_seeds":11,"minecraft:hay_block":18,"minecraft:oak_boat":3,"minecraft:bread":3,"minecraft:glow_berries":2,"pixelmon:red_apricorn":1,"minecraft:bamboo":26,"minecraft:oak_sapling":5,"minecraft:melon_slice":50,"minecraft:sugar_cane":2,"minecraft:coal":34,"minecraft:cobblestone":22},"minecraft:crafted":{"minecraft:oak_boat":1,"minecraft:oak_planks":32,"minecraft:crafting_table":1,"minecraft:stick":4,"minecraft:wooden_pickaxe":1,"minecraft:stone_pickaxe":1},"minecraft:mined":{"minecraft:hay_block":18,"minecraft:wheat":3,"minecraft:yellow_bed":1,"minecraft:crafting_table":2,"minecraft:grass":12,"minecraft:grass_block":1,"minecraft:coal_ore":35,"minecraft:melon":9,"minecraft:dirt":1,"minecraft:stripped_oak_log":8,"minecraft:stone_slab":1,"minecraft:tall_grass":3,"minecraft:bamboo":1,"minecraft:stone":22,"minecraft:sugar_cane":1,"minecraft:oak_leaves":2}},"DataVersion":3578}